{
  "Cart Page" : {
    "transaction" : "Cart Page",
    "sampleCount" : 100,
    "errorCount" : 0,
    "errorPct" : 0.0,
    "meanResTime" : 1191.2400000000002,
    "medianResTime" : 1077.5,
    "minResTime" : 816.0,
    "maxResTime" : 2420.0,
    "pct1ResTime" : 1531.8,
    "pct2ResTime" : 2016.1,
    "pct3ResTime" : 2417.0699999999983,
    "throughput" : 13.966480446927374,
    "receivedKBytesPerSec" : 1046.832173097067,
    "sentKBytesPerSec" : 5.823913233240224
  },
  "Total" : {
    "transaction" : "Total",
    "sampleCount" : 500,
    "errorCount" : 0,
    "errorPct" : 0.0,
    "meanResTime" : 1283.1559999999997,
    "medianResTime" : 1127.0,
    "minResTime" : 498.0,
    "maxResTime" : 3175.0,
    "pct1ResTime" : 1860.9,
    "pct2ResTime" : 2193.85,
    "pct3ResTime" : 3028.0400000000027,
    "throughput" : 39.35768261964735,
    "receivedKBytesPerSec" : 3783.97452020525,
    "sentKBytesPerSec" : 16.673205781643578
  },
  "SLP: Search listing Page" : {
    "transaction" : "SLP: Search listing Page",
    "sampleCount" : 100,
    "errorCount" : 0,
    "errorPct" : 0.0,
    "meanResTime" : 1387.52,
    "medianResTime" : 1170.5,
    "minResTime" : 842.0,
    "maxResTime" : 3175.0,
    "pct1ResTime" : 2366.100000000001,
    "pct2ResTime" : 2410.45,
    "pct3ResTime" : 3174.94,
    "throughput" : 12.496875781054737,
    "receivedKBytesPerSec" : 1606.145460705136,
    "sentKBytesPerSec" : 5.150079667583104
  },
  "Category page: Smart Home/Television" : {
    "transaction" : "Category page: Smart Home/Television",
    "sampleCount" : 100,
    "errorCount" : 0,
    "errorPct" : 0.0,
    "meanResTime" : 1225.8000000000004,
    "medianResTime" : 1088.0,
    "minResTime" : 836.0,
    "maxResTime" : 2287.0,
    "pct1ResTime" : 1617.5,
    "pct2ResTime" : 2086.549999999997,
    "pct3ResTime" : 2286.5699999999997,
    "throughput" : 13.460761879122359,
    "receivedKBytesPerSec" : 961.2833521924216,
    "sentKBytesPerSec" : 6.0994077264773185
  },
  "Amazon HomePage" : {
    "transaction" : "Amazon HomePage",
    "sampleCount" : 100,
    "errorCount" : 0,
    "errorPct" : 0.0,
    "meanResTime" : 1194.4700000000005,
    "medianResTime" : 938.5,
    "minResTime" : 498.0,
    "maxResTime" : 2447.0,
    "pct1ResTime" : 1830.1000000000004,
    "pct2ResTime" : 1961.0999999999995,
    "pct3ResTime" : 2446.88,
    "throughput" : 14.459224985540775,
    "receivedKBytesPerSec" : 1411.2798052071282,
    "sentKBytesPerSec" : 5.521051727877386
  },
  "Today's Deals" : {
    "transaction" : "Today's Deals",
    "sampleCount" : 100,
    "errorCount" : 0,
    "errorPct" : 0.0,
    "meanResTime" : 1416.7500000000005,
    "medianResTime" : 1372.0,
    "minResTime" : 970.0,
    "maxResTime" : 3145.0,
    "pct1ResTime" : 1992.2,
    "pct2ResTime" : 2520.7499999999955,
    "pct3ResTime" : 3144.56,
    "throughput" : 14.2025280499929,
    "receivedKBytesPerSec" : 1537.016448302798,
    "sentKBytesPerSec" : 6.4493901789518535
  }
}